{"cameraMode":{"drawMode":0,"name":"Shaded","section":"Shading Mode"},"sceneLighting":true,"audioPlay":false,"sceneViewState":{"m_AlwaysRefresh":false,"showFog":true,"showSkybox":true,"showFlares":true,"showImageEffects":true,"showParticleSystems":true,"showVisualEffectGraphs":true,"m_FxEnabled":true},"in2DMode":false,"pivot":{"x":10.025997161865235,"y":-0.5644025206565857,"z":38.742374420166019},"rotation":{"x":-0.0416967011988163,"y":-0.004198469687253237,"z":0.00017428965657018125,"w":-0.9991176128387451},"size":21.971961975097658,"orthographic":false}