{"cameraMode":{"drawMode":0,"name":"Shaded","section":"Shading Mode"},"sceneLighting":true,"audioPlay":false,"sceneViewState":{"m_AlwaysRefresh":false,"showFog":true,"showSkybox":true,"showFlares":true,"showImageEffects":true,"showParticleSystems":true,"showVisualEffectGraphs":true,"m_FxEnabled":true},"in2DMode":false,"pivot":{"x":-3.1287295818328859,"y":0.6187364459037781,"z":2.171445369720459},"rotation":{"x":-0.08689974248409271,"y":0.000594087119679898,"z":-0.00005208092989050783,"w":-0.9962153434753418},"size":2.882138729095459,"orthographic":false}