{"cameraMode":{"drawMode":0,"name":"Shaded","section":"Shading Mode"},"sceneLighting":true,"audioPlay":false,"sceneViewState":{"m_AlwaysRefresh":false,"showFog":true,"showSkybox":true,"showFlares":true,"showImageEffects":true,"showParticleSystems":true,"showVisualEffectGraphs":true,"m_FxEnabled":true},"in2DMode":false,"pivot":{"x":-20.794876098632814,"y":-90.41537475585938,"z":334.0693664550781},"rotation":{"x":-0.13363410532474519,"y":0.03330237418413162,"z":-0.0045032319612801079,"w":-0.9904717206954956},"size":175.68899536132813,"orthographic":false}